warehouse_id,location,capacity,manager,number_of_employees,operating_hours
W0001,Houston,8531,Ava Harris,29,6am-4pm
W0002,Miami,12147,Sophia Taylor,33,6am-4pm
W0003,Chicago,9451,James Thompson,41,8am-6pm
W0004,Miami,18635,Charlotte Lewis,45,9am-7pm
W0005,Miami,16127,Alexander Hernandez,43,8am-6pm
W0006,Los Angeles,8876,Amelia Hall,45,10am-8pm
W0007,Chicago,10959,John Smith,11,8am-6pm
W0008,Chicago,5126,Ava Harris,24,8am-6pm
W0009,Chicago,8177,Scarlett Moore,43,10am-8pm
W0010,Miami,16248,Ella King,45,6am-4pm
W0011,Houston,13795,Liam Anderson,15,6am-4pm
W0012,Chicago,16641,William Walker,48,6am-4pm
W0013,Miami,11024,Sophia Taylor,21,9am-7pm
W0014,Los Angeles,10109,Isabella Wilson,12,10am-8pm
W0015,Houston,9146,Michael Scott,27,10am-8pm
W0016,Los Angeles,12196,James Thompson,49,8am-6pm
W0017,Houston,16725,James Thompson,30,9am-7pm
W0018,Miami,16559,Benjamin Lee,24,6am-4pm
W0019,New York,8368,Henry Clark,42,9am-7pm
W0020,Houston,8797,Ava Harris,44,10am-8pm
W0021,Los Angeles,18718,Evelyn Young,35,10am-8pm
W0022,Miami,6792,Ella King,17,8am-6pm
W0023,Houston,16053,Benjamin Lee,45,8am-6pm
W0024,New York,10732,Alexander Hernandez,39,10am-8pm
W0025,New York,8476,Liam Anderson,32,6am-4pm
W0026,Chicago,8417,Scarlett Moore,23,6am-4pm
W0027,Chicago,6645,Ava Harris,23,9am-7pm
W0028,Los Angeles,19755,Mia Martinez,11,10am-8pm
W0029,Houston,14397,Alexander Hernandez,46,10am-8pm
W0030,Houston,8030,Benjamin Lee,14,6am-4pm
W0031,Chicago,7872,William Walker,47,6am-4pm
W0032,Houston,8072,Isabella Wilson,23,10am-8pm
W0033,Houston,6854,Sophia Taylor,48,8am-6pm
W0034,New York,9021,Lucas White,34,10am-8pm
W0035,Chicago,9662,Charlotte Lewis,29,10am-8pm
W0036,Miami,11514,Oliver Brown,11,6am-4pm
W0037,Chicago,10031,John Smith,48,6am-4pm
W0038,Miami,19222,Amelia Hall,15,8am-6pm
W0039,New York,7708,Alexander Hernandez,26,8am-6pm
W0040,Los Angeles,16694,Alexander Hernandez,34,9am-7pm
W0041,Houston,12112,Evelyn Young,37,10am-8pm
W0042,New York,14524,James Thompson,11,6am-4pm
W0043,Houston,13393,Michael Scott,44,8am-6pm
W0044,Los Angeles,8507,William Walker,46,9am-7pm
W0045,Los Angeles,11456,James Thompson,14,9am-7pm
W0046,New York,9212,Oliver Brown,10,6am-4pm
W0047,Los Angeles,18224,Oliver Brown,49,6am-4pm
W0048,Miami,12970,Scarlett Moore,21,9am-7pm
W0049,Los Angeles,13766,Ava Harris,45,8am-6pm
W0050,Houston,19579,Evelyn Young,32,9am-7pm
W0051,Houston,5536,Oliver Brown,40,10am-8pm
W0052,Houston,6625,James Thompson,20,10am-8pm
W0053,Houston,15314,James Thompson,19,6am-4pm
W0054,Miami,12973,Liam Anderson,12,8am-6pm
W0055,Chicago,13577,Oliver Brown,23,8am-6pm
W0056,New York,13070,Scarlett Moore,25,10am-8pm
W0057,Houston,16473,Alexander Hernandez,19,9am-7pm
W0058,Los Angeles,13666,Ava Harris,38,6am-4pm
W0059,Houston,13609,Evelyn Young,19,9am-7pm
W0060,Los Angeles,11490,Sophia Taylor,21,9am-7pm
W0061,Los Angeles,8600,Mia Martinez,39,9am-7pm
W0062,Houston,11783,Henry Clark,10,8am-6pm
W0063,Miami,18226,Mia Martinez,14,10am-8pm
W0064,Los Angeles,14146,Alexander Hernandez,29,8am-6pm
W0065,Los Angeles,9971,Michael Scott,17,10am-8pm
W0066,Houston,18050,Liam Anderson,21,6am-4pm
W0067,Los Angeles,18490,Ava Harris,10,6am-4pm
W0068,Los Angeles,6205,Sophia Taylor,29,9am-7pm
W0069,Houston,17951,Lucas White,37,10am-8pm
W0070,Houston,17312,Scarlett Moore,46,10am-8pm
W0071,New York,6990,Charlotte Lewis,46,10am-8pm
W0072,Miami,10299,Michael Scott,21,9am-7pm
W0073,Miami,17997,Alexander Hernandez,46,9am-7pm
W0074,Los Angeles,8572,Isabella Wilson,37,6am-4pm
W0075,Miami,10975,Ella King,24,8am-6pm
W0076,Los Angeles,18472,Alexander Hernandez,15,10am-8pm
W0077,New York,11320,Mia Martinez,29,10am-8pm
W0078,Houston,9380,Benjamin Lee,23,8am-6pm
W0079,Houston,17350,Lucas White,11,10am-8pm
W0080,Houston,18290,Emma Johnson,18,9am-7pm
W0081,Miami,9757,Henry Clark,46,9am-7pm
W0082,New York,7713,Sophia Taylor,29,10am-8pm
W0083,Miami,15395,Benjamin Lee,35,9am-7pm
W0084,Miami,10588,Liam Anderson,38,9am-7pm
W0085,New York,16312,William Walker,10,10am-8pm
W0086,New York,5966,Oliver Brown,44,6am-4pm
W0087,New York,9944,Oliver Brown,15,8am-6pm
W0088,New York,18395,Isabella Wilson,46,9am-7pm
W0089,Houston,8432,Charlotte Lewis,14,6am-4pm
W0090,Chicago,5688,Liam Anderson,42,9am-7pm
W0091,Chicago,9243,Oliver Brown,23,9am-7pm
W0092,New York,8701,James Thompson,21,8am-6pm
W0093,Chicago,13533,Scarlett Moore,29,9am-7pm
W0094,Chicago,19811,Mia Martinez,33,8am-6pm
W0095,New York,10182,John Smith,43,8am-6pm
W0096,Chicago,14916,Sophia Taylor,34,8am-6pm
W0097,Miami,18671,James Thompson,38,6am-4pm
W0098,Los Angeles,11704,Evelyn Young,48,10am-8pm
W0099,Los Angeles,9422,Henry Clark,40,6am-4pm
W0100,New York,14984,Charlotte Lewis,32,10am-8pm
W0101,Houston,6759,Scarlett Moore,47,10am-8pm
W0102,New York,16404,John Smith,29,8am-6pm
W0103,Houston,14181,Sophia Taylor,32,9am-7pm
W0104,Los Angeles,15454,Ella King,25,8am-6pm
W0105,New York,7482,Ella King,17,9am-7pm
W0106,Miami,13058,Scarlett Moore,30,10am-8pm
W0107,Chicago,5951,Mia Martinez,10,8am-6pm
W0108,Houston,13914,Charlotte Lewis,17,9am-7pm
W0109,Chicago,16581,Ella King,38,6am-4pm
W0110,Chicago,7079,Lucas White,41,9am-7pm
W0111,New York,7717,Isabella Wilson,47,8am-6pm
W0112,Chicago,15524,John Smith,14,6am-4pm
W0113,Miami,16568,Amelia Hall,31,9am-7pm
W0114,Chicago,9524,Isabella Wilson,43,9am-7pm
W0115,New York,14692,Henry Clark,10,9am-7pm
W0116,Miami,13477,Michael Scott,35,9am-7pm
W0117,Los Angeles,12311,John Smith,19,9am-7pm
W0118,Chicago,16687,Mia Martinez,39,6am-4pm
W0119,New York,12186,Mia Martinez,27,10am-8pm
W0120,Los Angeles,7065,Lucas White,26,6am-4pm
W0121,Los Angeles,5768,Evelyn Young,35,6am-4pm
W0122,Houston,19925,Charlotte Lewis,17,6am-4pm
W0123,Miami,10490,Alexander Hernandez,49,10am-8pm
W0124,Chicago,16249,James Thompson,21,8am-6pm
W0125,New York,17481,James Thompson,36,10am-8pm
W0126,Houston,11645,Charlotte Lewis,17,6am-4pm
W0127,Miami,10083,Sophia Taylor,34,9am-7pm
W0128,Houston,10232,Scarlett Moore,13,9am-7pm
W0129,Miami,15353,Charlotte Lewis,42,6am-4pm
W0130,Miami,16485,William Walker,10,9am-7pm
W0131,Chicago,10797,Evelyn Young,28,6am-4pm
W0132,Miami,14138,Henry Clark,40,9am-7pm
W0133,Houston,9926,Alexander Hernandez,25,10am-8pm
W0134,Miami,11016,Ella King,23,8am-6pm
W0135,Chicago,8335,Emma Johnson,14,8am-6pm
W0136,Chicago,17342,Sophia Taylor,35,10am-8pm
W0137,Houston,13038,Scarlett Moore,37,10am-8pm
W0138,Los Angeles,18087,Michael Scott,11,6am-4pm
W0139,Los Angeles,9873,Charlotte Lewis,15,6am-4pm
W0140,Miami,6481,Benjamin Lee,18,6am-4pm
W0141,New York,15093,Alexander Hernandez,42,9am-7pm
W0142,Miami,11305,Amelia Hall,34,6am-4pm
W0143,Houston,8451,Benjamin Lee,22,10am-8pm
W0144,Houston,17256,Evelyn Young,18,8am-6pm
W0145,Houston,19422,Henry Clark,22,9am-7pm
W0146,Houston,5054,Isabella Wilson,40,6am-4pm
W0147,Houston,12643,William Walker,20,9am-7pm
W0148,Chicago,15015,Sophia Taylor,13,9am-7pm
W0149,Los Angeles,18489,Ava Harris,43,6am-4pm
W0150,Houston,8462,Michael Scott,47,9am-7pm
W0151,New York,16271,William Walker,13,8am-6pm
W0152,New York,5832,Oliver Brown,47,10am-8pm
W0153,New York,17600,Evelyn Young,28,10am-8pm
W0154,New York,15998,Michael Scott,15,8am-6pm
W0155,Chicago,10954,Henry Clark,43,9am-7pm
W0156,New York,19295,Benjamin Lee,27,6am-4pm
W0157,Houston,19294,John Smith,22,9am-7pm
W0158,Miami,15682,Michael Scott,32,8am-6pm
W0159,New York,19078,Ella King,28,9am-7pm
W0160,Chicago,13519,Scarlett Moore,20,10am-8pm
W0161,Chicago,12221,Emma Johnson,10,9am-7pm
W0162,New York,8310,Evelyn Young,33,8am-6pm
W0163,Miami,8300,Michael Scott,16,10am-8pm
W0164,New York,11722,Oliver Brown,34,9am-7pm
W0165,Chicago,12218,Emma Johnson,30,9am-7pm
W0166,Los Angeles,12776,Mia Martinez,24,10am-8pm
W0167,Houston,8675,Emma Johnson,10,6am-4pm
W0168,Chicago,8054,Emma Johnson,21,10am-8pm
W0169,New York,18575,Benjamin Lee,16,6am-4pm
W0170,Houston,12970,Ava Harris,24,8am-6pm
W0171,New York,7143,Isabella Wilson,30,8am-6pm
W0172,New York,10207,Amelia Hall,28,10am-8pm
W0173,Los Angeles,14503,Benjamin Lee,38,10am-8pm
W0174,Houston,16383,James Thompson,34,8am-6pm
W0175,Houston,7538,Amelia Hall,42,6am-4pm
W0176,Los Angeles,17175,Liam Anderson,41,8am-6pm
W0177,Chicago,9547,Ella King,44,10am-8pm
W0178,New York,10619,Liam Anderson,47,8am-6pm
W0179,Miami,13356,Amelia Hall,35,10am-8pm
W0180,New York,17469,Ava Harris,20,10am-8pm
W0181,New York,11612,Benjamin Lee,44,8am-6pm
W0182,Chicago,10005,James Thompson,17,6am-4pm
W0183,New York,5822,William Walker,23,9am-7pm
W0184,Los Angeles,5943,Ava Harris,19,8am-6pm
W0185,Los Angeles,19289,Lucas White,11,9am-7pm
W0186,Houston,11150,Amelia Hall,18,8am-6pm
W0187,Miami,9425,Oliver Brown,12,9am-7pm
W0188,New York,13966,Michael Scott,30,6am-4pm
W0189,New York,7198,James Thompson,35,6am-4pm
W0190,Chicago,16348,Charlotte Lewis,17,8am-6pm
W0191,Los Angeles,9242,Alexander Hernandez,11,10am-8pm
W0192,Miami,8695,Emma Johnson,15,9am-7pm
W0193,Houston,8452,Henry Clark,37,10am-8pm
W0194,Los Angeles,14106,Sophia Taylor,38,10am-8pm
W0195,Houston,18859,Scarlett Moore,35,10am-8pm
W0196,Chicago,6308,John Smith,34,6am-4pm
W0197,Chicago,9177,Emma Johnson,21,8am-6pm
W0198,New York,13705,Emma Johnson,14,8am-6pm
W0199,Miami,15112,Sophia Taylor,43,6am-4pm
W0200,Houston,11852,Oliver Brown,46,6am-4pm
W0201,Los Angeles,11035,Michael Scott,24,8am-6pm
W0202,Chicago,8594,Evelyn Young,45,10am-8pm
W0203,New York,9841,Emma Johnson,24,9am-7pm
W0204,New York,6409,Ella King,32,9am-7pm
W0205,Houston,17994,Lucas White,15,9am-7pm
W0206,Chicago,9566,Henry Clark,30,10am-8pm
W0207,Miami,16382,John Smith,32,8am-6pm
W0208,Chicago,9491,Emma Johnson,25,6am-4pm
W0209,Houston,6555,Emma Johnson,24,8am-6pm
W0210,Houston,19596,Liam Anderson,34,10am-8pm
W0211,Chicago,5804,Sophia Taylor,45,6am-4pm
W0212,Houston,18221,Amelia Hall,20,10am-8pm
W0213,Chicago,6279,Oliver Brown,24,9am-7pm
W0214,Los Angeles,19045,Ava Harris,13,9am-7pm
W0215,Chicago,18192,Charlotte Lewis,30,10am-8pm
W0216,Chicago,18364,Ava Harris,22,6am-4pm
W0217,Houston,12083,Scarlett Moore,31,6am-4pm
W0218,Houston,10986,Charlotte Lewis,28,8am-6pm
W0219,New York,10619,John Smith,43,9am-7pm
W0220,New York,16769,Isabella Wilson,23,8am-6pm
W0221,Los Angeles,16093,Lucas White,13,8am-6pm
W0222,New York,6387,Emma Johnson,36,10am-8pm
W0223,Chicago,18591,James Thompson,38,10am-8pm
W0224,Houston,17880,Ava Harris,37,8am-6pm
W0225,New York,15953,Scarlett Moore,44,9am-7pm
W0226,New York,7679,William Walker,17,10am-8pm
W0227,Los Angeles,7106,Sophia Taylor,25,8am-6pm
W0228,Los Angeles,13173,Henry Clark,45,8am-6pm
W0229,Chicago,9223,Scarlett Moore,39,8am-6pm
W0230,Houston,9831,Ava Harris,27,8am-6pm
W0231,Los Angeles,7768,Henry Clark,11,8am-6pm
W0232,New York,17145,William Walker,22,8am-6pm
W0233,Houston,8186,Michael Scott,13,10am-8pm
W0234,Houston,16472,John Smith,35,9am-7pm
W0235,New York,7573,Isabella Wilson,34,8am-6pm
W0236,Los Angeles,17808,William Walker,39,6am-4pm
W0237,New York,7599,Ava Harris,20,10am-8pm
W0238,Houston,9033,John Smith,16,10am-8pm
W0239,Miami,13428,Mia Martinez,40,8am-6pm
W0240,Miami,6304,Michael Scott,19,10am-8pm
W0241,Chicago,16622,Alexander Hernandez,48,8am-6pm
W0242,New York,12368,Scarlett Moore,22,9am-7pm
W0243,New York,10877,James Thompson,40,9am-7pm
W0244,Chicago,6301,Ella King,16,10am-8pm
W0245,Chicago,7541,James Thompson,45,10am-8pm
W0246,Chicago,7051,Michael Scott,29,6am-4pm
W0247,Houston,11809,Sophia Taylor,13,10am-8pm
W0248,New York,13633,Amelia Hall,16,6am-4pm
W0249,Houston,15268,Henry Clark,10,9am-7pm
W0250,Chicago,16372,Sophia Taylor,22,9am-7pm
W0251,New York,15849,John Smith,31,8am-6pm
W0252,Houston,16990,John Smith,30,9am-7pm
W0253,Houston,13996,James Thompson,31,6am-4pm
W0254,Chicago,5074,Benjamin Lee,37,10am-8pm
W0255,New York,11981,John Smith,18,8am-6pm
W0256,Chicago,15367,Ella King,35,6am-4pm
W0257,New York,17116,Scarlett Moore,18,10am-8pm
W0258,Miami,15281,Alexander Hernandez,24,8am-6pm
W0259,Los Angeles,10475,Isabella Wilson,19,9am-7pm
W0260,Los Angeles,13232,Emma Johnson,33,6am-4pm
W0261,Los Angeles,15273,Benjamin Lee,17,10am-8pm
W0262,Chicago,12184,Sophia Taylor,33,8am-6pm
W0263,Miami,10796,Henry Clark,25,8am-6pm
W0264,New York,12141,Lucas White,35,9am-7pm
W0265,Houston,18689,Henry Clark,36,10am-8pm
W0266,New York,17875,Lucas White,46,9am-7pm
W0267,Houston,6622,William Walker,13,9am-7pm
W0268,New York,13041,Mia Martinez,33,10am-8pm
W0269,Miami,5341,James Thompson,28,10am-8pm
W0270,Houston,17244,Ella King,45,10am-8pm
W0271,Chicago,7074,Oliver Brown,48,6am-4pm
W0272,New York,12992,Michael Scott,19,10am-8pm
W0273,New York,5645,Scarlett Moore,34,8am-6pm
W0274,Houston,18018,Alexander Hernandez,27,9am-7pm
W0275,Chicago,9263,Michael Scott,28,6am-4pm
W0276,Chicago,13801,Lucas White,45,10am-8pm
W0277,Miami,19603,Liam Anderson,19,6am-4pm
W0278,Chicago,19060,Ella King,42,10am-8pm
W0279,Chicago,11136,Alexander Hernandez,14,6am-4pm
W0280,Chicago,13646,Charlotte Lewis,44,9am-7pm
W0281,Los Angeles,16145,Evelyn Young,43,9am-7pm
W0282,Miami,14900,Emma Johnson,42,8am-6pm
W0283,New York,16664,Ella King,30,8am-6pm
W0284,Houston,7969,William Walker,26,10am-8pm
W0285,New York,8028,Mia Martinez,31,9am-7pm
W0286,Miami,12643,Alexander Hernandez,46,6am-4pm
W0287,Houston,17989,Charlotte Lewis,24,6am-4pm
W0288,Miami,7681,Liam Anderson,44,6am-4pm
W0289,Chicago,8629,Ava Harris,37,8am-6pm
W0290,Houston,18887,Ella King,16,6am-4pm
W0291,Chicago,9225,Amelia Hall,41,8am-6pm
W0292,New York,8067,Henry Clark,20,8am-6pm
W0293,New York,10941,Benjamin Lee,19,10am-8pm
W0294,Houston,6386,Michael Scott,18,6am-4pm
W0295,Houston,16968,Ava Harris,23,6am-4pm
W0296,Miami,7866,Amelia Hall,22,9am-7pm
W0297,Miami,9788,Liam Anderson,34,10am-8pm
W0298,Chicago,16555,Amelia Hall,11,9am-7pm
W0299,Houston,10490,John Smith,44,10am-8pm
W0300,New York,18081,Ava Harris,16,6am-4pm
W0301,Miami,9124,Ella King,30,8am-6pm
W0302,Miami,13340,Amelia Hall,27,8am-6pm
W0303,New York,8850,Benjamin Lee,12,8am-6pm
W0304,Miami,10415,Henry Clark,48,8am-6pm
W0305,Chicago,15250,Michael Scott,20,8am-6pm
W0306,Houston,12679,Michael Scott,48,9am-7pm
W0307,New York,11819,Sophia Taylor,33,10am-8pm
W0308,Houston,14328,Evelyn Young,28,6am-4pm
W0309,Miami,13378,William Walker,13,9am-7pm
W0310,Miami,16046,James Thompson,35,10am-8pm
W0311,New York,14442,Oliver Brown,47,8am-6pm
W0312,Chicago,6333,John Smith,41,10am-8pm
W0313,Los Angeles,17385,Amelia Hall,48,10am-8pm
W0314,New York,9150,Alexander Hernandez,45,8am-6pm
W0315,Los Angeles,11766,Lucas White,49,8am-6pm
W0316,Los Angeles,7711,Charlotte Lewis,46,8am-6pm
W0317,Chicago,9853,Emma Johnson,42,6am-4pm
W0318,Los Angeles,17693,Sophia Taylor,45,8am-6pm
W0319,Los Angeles,11212,Michael Scott,12,6am-4pm
W0320,Chicago,12479,Michael Scott,18,8am-6pm
W0321,Los Angeles,10408,Mia Martinez,17,6am-4pm
W0322,Los Angeles,14977,Evelyn Young,42,10am-8pm
W0323,Los Angeles,12715,Sophia Taylor,15,9am-7pm
W0324,New York,13942,Isabella Wilson,48,10am-8pm
W0325,New York,6762,William Walker,13,10am-8pm
W0326,New York,17112,Sophia Taylor,22,8am-6pm
W0327,Chicago,12101,Oliver Brown,11,6am-4pm
W0328,Miami,12674,Ava Harris,14,9am-7pm
W0329,Los Angeles,17652,Isabella Wilson,36,8am-6pm
W0330,Los Angeles,11122,James Thompson,41,8am-6pm
W0331,Chicago,5481,Evelyn Young,30,8am-6pm
W0332,Los Angeles,19536,Amelia Hall,17,10am-8pm
W0333,New York,5153,Ella King,47,6am-4pm
W0334,Miami,12617,Ava Harris,17,6am-4pm
W0335,Houston,6524,Mia Martinez,12,9am-7pm
W0336,Los Angeles,7120,Emma Johnson,12,6am-4pm
W0337,New York,7343,Henry Clark,31,6am-4pm
W0338,Houston,10136,Mia Martinez,15,8am-6pm
W0339,Miami,10760,Ava Harris,11,8am-6pm
W0340,Houston,6240,Ella King,32,10am-8pm
W0341,New York,5060,Sophia Taylor,11,8am-6pm
W0342,Houston,14130,Ella King,47,8am-6pm
W0343,Chicago,6639,Ava Harris,26,8am-6pm
W0344,Houston,11185,Isabella Wilson,44,8am-6pm
W0345,Los Angeles,17312,Sophia Taylor,43,10am-8pm
W0346,Los Angeles,18350,Ella King,32,8am-6pm
W0347,Chicago,12970,Henry Clark,39,9am-7pm
W0348,New York,17418,Liam Anderson,17,9am-7pm
W0349,Los Angeles,16761,Alexander Hernandez,31,9am-7pm
W0350,Miami,6252,Mia Martinez,45,9am-7pm
W0351,Los Angeles,9203,James Thompson,14,8am-6pm
W0352,Los Angeles,13363,Evelyn Young,22,9am-7pm
W0353,New York,14650,James Thompson,38,8am-6pm
W0354,Houston,8549,James Thompson,40,10am-8pm
W0355,Los Angeles,9197,Scarlett Moore,25,9am-7pm
W0356,Chicago,12009,Charlotte Lewis,39,6am-4pm
W0357,Houston,11667,Scarlett Moore,25,9am-7pm
W0358,Miami,7322,Evelyn Young,21,9am-7pm
W0359,New York,14828,Charlotte Lewis,26,8am-6pm
W0360,Miami,16307,James Thompson,25,9am-7pm
W0361,Houston,9090,James Thompson,21,6am-4pm
W0362,Houston,11960,James Thompson,17,8am-6pm
W0363,Houston,8004,Liam Anderson,29,8am-6pm
W0364,Miami,10136,John Smith,12,10am-8pm
W0365,Houston,5329,Evelyn Young,25,10am-8pm
W0366,Miami,8640,Scarlett Moore,39,9am-7pm
W0367,Houston,17086,Henry Clark,32,10am-8pm
W0368,Chicago,18808,Mia Martinez,37,10am-8pm
W0369,Houston,12982,Mia Martinez,49,10am-8pm
W0370,Miami,9107,Charlotte Lewis,14,8am-6pm
W0371,Los Angeles,6341,Michael Scott,29,8am-6pm
W0372,Houston,16855,Isabella Wilson,49,8am-6pm
W0373,Los Angeles,13407,Alexander Hernandez,10,10am-8pm
W0374,Chicago,5338,Alexander Hernandez,39,8am-6pm
W0375,New York,10895,Ella King,30,10am-8pm
W0376,Chicago,17254,Mia Martinez,29,8am-6pm
W0377,Houston,7708,William Walker,15,8am-6pm
W0378,Los Angeles,16344,Ava Harris,31,6am-4pm
W0379,Los Angeles,6750,Alexander Hernandez,27,9am-7pm
W0380,Miami,10604,Oliver Brown,17,10am-8pm
W0381,Los Angeles,7421,Isabella Wilson,48,6am-4pm
W0382,Miami,12119,Mia Martinez,41,8am-6pm
W0383,New York,13901,Ella King,42,10am-8pm
W0384,Houston,10319,Alexander Hernandez,25,8am-6pm
W0385,Miami,11609,Henry Clark,21,9am-7pm
W0386,New York,18400,Ava Harris,47,6am-4pm
W0387,Los Angeles,10387,Alexander Hernandez,43,9am-7pm
W0388,Los Angeles,16918,Scarlett Moore,23,6am-4pm
W0389,New York,16834,Henry Clark,45,8am-6pm
W0390,Los Angeles,8993,Mia Martinez,42,9am-7pm
W0391,New York,13680,Evelyn Young,32,9am-7pm
W0392,Miami,13044,Lucas White,11,8am-6pm
W0393,Miami,18849,Isabella Wilson,30,9am-7pm
W0394,New York,13238,John Smith,11,10am-8pm
W0395,Miami,16551,Emma Johnson,36,6am-4pm
W0396,Miami,9873,Henry Clark,18,6am-4pm
W0397,Miami,18327,John Smith,10,6am-4pm
W0398,Chicago,9806,Sophia Taylor,20,10am-8pm
W0399,Houston,13592,Emma Johnson,12,6am-4pm
W0400,Los Angeles,17182,Ava Harris,32,8am-6pm
W0401,Chicago,10913,Ella King,35,9am-7pm
W0402,Miami,12124,Oliver Brown,13,10am-8pm
W0403,New York,8157,Michael Scott,27,6am-4pm
W0404,Miami,17537,Liam Anderson,15,8am-6pm
W0405,Houston,5390,Mia Martinez,44,9am-7pm
W0406,Miami,17045,Amelia Hall,31,9am-7pm
W0407,New York,9430,Amelia Hall,24,10am-8pm
W0408,Houston,13820,John Smith,31,10am-8pm
W0409,Miami,12686,John Smith,46,10am-8pm
W0410,Houston,9232,Alexander Hernandez,21,8am-6pm
W0411,Los Angeles,16122,Michael Scott,47,8am-6pm
W0412,Los Angeles,13007,Emma Johnson,27,10am-8pm
W0413,Miami,6521,Michael Scott,44,6am-4pm
W0414,Houston,14018,Ava Harris,39,9am-7pm
W0415,New York,18014,Benjamin Lee,33,9am-7pm
W0416,Miami,6500,Amelia Hall,39,8am-6pm
W0417,Los Angeles,11737,Sophia Taylor,23,9am-7pm
W0418,Los Angeles,8294,Henry Clark,15,6am-4pm
W0419,Miami,10085,Sophia Taylor,12,9am-7pm
W0420,Houston,7419,James Thompson,25,8am-6pm
W0421,Los Angeles,14126,Evelyn Young,16,8am-6pm
W0422,Houston,8042,Benjamin Lee,23,6am-4pm
W0423,Los Angeles,9497,John Smith,18,6am-4pm
W0424,Los Angeles,6466,John Smith,24,9am-7pm
W0425,Chicago,8561,Ava Harris,30,9am-7pm
W0426,Los Angeles,5614,Sophia Taylor,44,8am-6pm
W0427,New York,10392,John Smith,11,6am-4pm
W0428,Miami,12693,Charlotte Lewis,36,6am-4pm
W0429,Miami,14374,Emma Johnson,11,6am-4pm
W0430,Houston,8223,Alexander Hernandez,44,9am-7pm
W0431,Los Angeles,12138,Oliver Brown,27,6am-4pm
W0432,New York,7667,Benjamin Lee,23,8am-6pm
W0433,Houston,19523,Michael Scott,29,8am-6pm
W0434,Chicago,12980,Henry Clark,27,9am-7pm
W0435,Houston,18409,Oliver Brown,19,10am-8pm
W0436,Houston,5130,Sophia Taylor,34,9am-7pm
W0437,Los Angeles,18482,Sophia Taylor,11,10am-8pm
W0438,Chicago,7983,Lucas White,34,6am-4pm
W0439,Houston,9278,James Thompson,42,9am-7pm
W0440,New York,12126,Lucas White,45,8am-6pm
W0441,New York,17651,Lucas White,40,6am-4pm
W0442,Miami,13230,Charlotte Lewis,23,8am-6pm
W0443,Chicago,12694,Liam Anderson,10,6am-4pm
W0444,Chicago,17151,Henry Clark,25,9am-7pm
W0445,Miami,11640,Amelia Hall,12,10am-8pm
W0446,Houston,16779,Charlotte Lewis,44,6am-4pm
W0447,Chicago,10468,James Thompson,15,10am-8pm
W0448,New York,5920,William Walker,34,6am-4pm
W0449,New York,12564,William Walker,22,8am-6pm
W0450,Los Angeles,15961,William Walker,43,8am-6pm
W0451,Chicago,17303,Amelia Hall,17,6am-4pm
W0452,Houston,13684,Ava Harris,30,10am-8pm
W0453,Miami,18737,Alexander Hernandez,43,9am-7pm
W0454,Miami,14323,Liam Anderson,13,9am-7pm
W0455,Houston,16713,Evelyn Young,34,8am-6pm
W0456,Los Angeles,13502,Amelia Hall,24,9am-7pm
W0457,Miami,13930,Lucas White,13,8am-6pm
W0458,Chicago,8241,Liam Anderson,21,9am-7pm
W0459,Los Angeles,5545,Ella King,41,6am-4pm
W0460,Chicago,15653,Scarlett Moore,41,8am-6pm
W0461,New York,9346,Amelia Hall,37,8am-6pm
W0462,Los Angeles,18046,Liam Anderson,22,6am-4pm
W0463,Miami,14996,Ella King,40,8am-6pm
W0464,Los Angeles,16404,Amelia Hall,23,9am-7pm
W0465,Los Angeles,18585,Emma Johnson,29,9am-7pm
W0466,Los Angeles,18919,Isabella Wilson,27,8am-6pm
W0467,Los Angeles,8810,Sophia Taylor,38,9am-7pm
W0468,Chicago,19202,Henry Clark,15,10am-8pm
W0469,New York,12206,Charlotte Lewis,41,8am-6pm
W0470,Houston,14005,Michael Scott,38,6am-4pm
W0471,Los Angeles,17316,Evelyn Young,11,10am-8pm
W0472,Miami,18245,Alexander Hernandez,32,8am-6pm
W0473,Los Angeles,7032,Mia Martinez,28,6am-4pm
W0474,Miami,17764,Scarlett Moore,40,9am-7pm
W0475,Chicago,17605,Oliver Brown,14,6am-4pm
W0476,Miami,13436,Michael Scott,28,10am-8pm
W0477,Houston,18035,James Thompson,43,9am-7pm
W0478,New York,17984,Henry Clark,19,8am-6pm
W0479,Miami,5271,Ella King,34,9am-7pm
W0480,Miami,8511,Liam Anderson,11,8am-6pm
W0481,New York,6771,Sophia Taylor,20,8am-6pm
W0482,Houston,14454,Charlotte Lewis,40,6am-4pm
W0483,Los Angeles,15616,Henry Clark,24,6am-4pm
W0484,Miami,9361,Charlotte Lewis,18,6am-4pm
W0485,New York,12069,Evelyn Young,32,10am-8pm
W0486,Chicago,5920,Amelia Hall,28,10am-8pm
W0487,New York,13190,John Smith,18,6am-4pm
W0488,Chicago,8430,Ava Harris,44,10am-8pm
W0489,Houston,9435,Ava Harris,30,9am-7pm
W0490,Los Angeles,17676,James Thompson,18,9am-7pm
W0491,New York,15816,Benjamin Lee,37,10am-8pm
W0492,Miami,8760,Mia Martinez,16,10am-8pm
W0493,Houston,7050,Henry Clark,25,9am-7pm
W0494,New York,16692,Evelyn Young,25,8am-6pm
W0495,Miami,6165,Amelia Hall,42,9am-7pm
W0496,New York,13567,Mia Martinez,13,9am-7pm
W0497,Chicago,7033,Scarlett Moore,13,10am-8pm
W0498,New York,11467,Ella King,48,9am-7pm
W0499,New York,5145,Lucas White,49,10am-8pm
W0500,New York,19269,Ella King,26,10am-8pm
W0501,Houston,9388,Evelyn Young,46,6am-4pm
W0502,New York,12832,Oliver Brown,48,9am-7pm
W0503,Miami,13623,Emma Johnson,38,8am-6pm
W0504,Chicago,13896,Oliver Brown,45,6am-4pm
W0505,Chicago,13173,Sophia Taylor,47,10am-8pm
W0506,New York,19286,Liam Anderson,48,10am-8pm
W0507,Houston,7632,Charlotte Lewis,46,8am-6pm
W0508,Houston,9494,Ava Harris,44,10am-8pm
W0509,Miami,13056,Emma Johnson,16,9am-7pm
W0510,New York,12511,Amelia Hall,36,6am-4pm
W0511,Chicago,14155,Liam Anderson,37,10am-8pm
W0512,Houston,15426,Liam Anderson,31,10am-8pm
W0513,New York,15233,John Smith,23,8am-6pm
W0514,Houston,6828,Sophia Taylor,16,9am-7pm
W0515,Houston,15300,Amelia Hall,46,10am-8pm
W0516,Chicago,17260,Amelia Hall,31,8am-6pm
W0517,Los Angeles,14130,Ella King,14,10am-8pm
W0518,Miami,9805,Michael Scott,11,8am-6pm
W0519,Miami,5806,Charlotte Lewis,36,8am-6pm
W0520,Chicago,14655,Michael Scott,30,9am-7pm
W0521,Houston,12486,Michael Scott,47,10am-8pm
W0522,New York,18613,Scarlett Moore,24,9am-7pm
W0523,Houston,16607,Emma Johnson,30,8am-6pm
W0524,Chicago,13202,Sophia Taylor,19,6am-4pm
W0525,Miami,18373,William Walker,32,10am-8pm
W0526,Houston,6868,Lucas White,48,6am-4pm
W0527,Miami,19561,Michael Scott,14,10am-8pm
W0528,New York,12878,Amelia Hall,10,9am-7pm
W0529,Miami,19899,Emma Johnson,22,9am-7pm
W0530,Miami,18059,Isabella Wilson,30,9am-7pm
W0531,Los Angeles,10690,Benjamin Lee,35,9am-7pm
W0532,Los Angeles,18895,Liam Anderson,30,9am-7pm
W0533,Los Angeles,12827,Ava Harris,27,6am-4pm
W0534,Miami,10429,Benjamin Lee,46,9am-7pm
W0535,Chicago,14076,Mia Martinez,41,8am-6pm
W0536,Miami,8564,Ava Harris,45,8am-6pm
W0537,Chicago,6389,Mia Martinez,26,6am-4pm
W0538,Chicago,16593,Isabella Wilson,44,10am-8pm
W0539,Los Angeles,12274,Oliver Brown,20,8am-6pm
W0540,Houston,17513,Liam Anderson,30,10am-8pm
W0541,New York,5824,Benjamin Lee,35,6am-4pm
W0542,Los Angeles,7265,James Thompson,13,10am-8pm
W0543,Los Angeles,5936,Sophia Taylor,43,10am-8pm
W0544,Houston,15992,James Thompson,27,10am-8pm
W0545,New York,15745,Liam Anderson,49,10am-8pm
W0546,Miami,11402,Lucas White,44,6am-4pm
W0547,Miami,19199,Alexander Hernandez,38,8am-6pm
W0548,Los Angeles,8845,Emma Johnson,38,9am-7pm
W0549,New York,6796,Henry Clark,47,10am-8pm
W0550,Los Angeles,13245,Ella King,30,8am-6pm
W0551,Chicago,12214,James Thompson,22,8am-6pm
W0552,Los Angeles,5726,Mia Martinez,26,6am-4pm
W0553,Los Angeles,7736,Isabella Wilson,18,8am-6pm
W0554,Miami,18832,James Thompson,10,6am-4pm
W0555,Miami,16362,Scarlett Moore,11,10am-8pm
W0556,Miami,18331,Ava Harris,38,10am-8pm
W0557,Chicago,6913,James Thompson,42,9am-7pm
W0558,Miami,19064,Oliver Brown,19,9am-7pm
W0559,New York,14788,Liam Anderson,49,9am-7pm
W0560,Houston,15106,John Smith,30,8am-6pm
W0561,New York,12657,Alexander Hernandez,37,10am-8pm
W0562,New York,7466,Oliver Brown,20,6am-4pm
W0563,Miami,15929,Mia Martinez,43,9am-7pm
W0564,Houston,14041,Benjamin Lee,17,6am-4pm
W0565,Houston,15301,Alexander Hernandez,31,6am-4pm
W0566,Houston,12312,Charlotte Lewis,17,9am-7pm
W0567,Chicago,19551,Emma Johnson,24,10am-8pm
W0568,Miami,13194,Ava Harris,26,9am-7pm
W0569,Houston,17447,Liam Anderson,32,6am-4pm
W0570,Chicago,12906,William Walker,33,9am-7pm
W0571,Los Angeles,17261,Henry Clark,28,6am-4pm
W0572,Los Angeles,9876,Lucas White,14,6am-4pm
W0573,Chicago,12287,John Smith,41,9am-7pm
W0574,Chicago,5892,Alexander Hernandez,10,8am-6pm
W0575,Miami,15222,Scarlett Moore,32,9am-7pm
W0576,Miami,16352,Ella King,46,8am-6pm
W0577,Los Angeles,15568,Benjamin Lee,17,6am-4pm
W0578,Houston,9675,John Smith,22,6am-4pm
W0579,Los Angeles,6933,Lucas White,17,8am-6pm
W0580,Houston,6380,Benjamin Lee,32,6am-4pm
W0581,Houston,16873,Lucas White,10,8am-6pm
W0582,Miami,6290,Henry Clark,33,8am-6pm
W0583,New York,6640,Emma Johnson,44,6am-4pm
W0584,New York,18239,Evelyn Young,33,10am-8pm
W0585,Chicago,12490,Isabella Wilson,26,8am-6pm
W0586,Miami,15874,Mia Martinez,14,9am-7pm
W0587,Houston,14179,Scarlett Moore,29,9am-7pm
W0588,New York,6218,Ella King,30,6am-4pm
W0589,Houston,10016,Amelia Hall,49,10am-8pm
W0590,New York,11881,Lucas White,40,6am-4pm
W0591,New York,14547,Isabella Wilson,45,10am-8pm
W0592,New York,17457,Oliver Brown,20,8am-6pm
W0593,Miami,17808,Evelyn Young,24,8am-6pm
W0594,Los Angeles,18774,Emma Johnson,28,8am-6pm
W0595,Houston,17327,Lucas White,16,8am-6pm
W0596,Miami,14752,Oliver Brown,37,9am-7pm
W0597,Miami,14610,Scarlett Moore,14,9am-7pm
W0598,Miami,5954,John Smith,14,6am-4pm
W0599,Miami,14175,John Smith,39,10am-8pm
W0600,Miami,12291,Amelia Hall,41,8am-6pm
W0601,Chicago,5974,Alexander Hernandez,17,8am-6pm
W0602,Houston,9133,Liam Anderson,19,10am-8pm
W0603,Miami,19663,Isabella Wilson,47,10am-8pm
W0604,Houston,10370,Ella King,41,6am-4pm
W0605,Chicago,8972,Amelia Hall,37,10am-8pm
W0606,Chicago,10295,Amelia Hall,26,8am-6pm
W0607,Houston,18913,Oliver Brown,40,8am-6pm
W0608,New York,14105,Emma Johnson,17,8am-6pm
W0609,Los Angeles,17741,James Thompson,49,8am-6pm
W0610,New York,13228,Emma Johnson,34,8am-6pm
W0611,New York,16579,James Thompson,18,6am-4pm
W0612,New York,14903,Lucas White,11,8am-6pm
W0613,Miami,8020,Lucas White,24,6am-4pm
W0614,Chicago,13987,Evelyn Young,12,8am-6pm
W0615,New York,9036,Oliver Brown,45,9am-7pm
W0616,Chicago,10068,Evelyn Young,13,9am-7pm
W0617,Houston,17880,Lucas White,23,9am-7pm
W0618,Los Angeles,10233,Sophia Taylor,34,9am-7pm
W0619,Houston,16303,Michael Scott,19,6am-4pm
W0620,Houston,14516,Ella King,30,6am-4pm
W0621,Miami,19559,Oliver Brown,45,10am-8pm
W0622,Los Angeles,5317,Charlotte Lewis,21,8am-6pm
W0623,Houston,7396,Alexander Hernandez,36,9am-7pm
W0624,Houston,7162,Mia Martinez,49,6am-4pm
W0625,Los Angeles,7745,Scarlett Moore,11,8am-6pm
W0626,Los Angeles,18634,Oliver Brown,22,8am-6pm
W0627,Houston,6591,James Thompson,41,6am-4pm
W0628,Los Angeles,16303,Charlotte Lewis,40,9am-7pm
W0629,Houston,19177,Ava Harris,25,10am-8pm
W0630,Houston,11183,Benjamin Lee,41,8am-6pm
W0631,Miami,8930,Evelyn Young,41,10am-8pm
W0632,New York,15188,Evelyn Young,43,9am-7pm
W0633,Houston,19060,Lucas White,20,9am-7pm
W0634,Chicago,6312,John Smith,19,10am-8pm
W0635,New York,14477,Sophia Taylor,24,9am-7pm
W0636,New York,9311,Isabella Wilson,26,8am-6pm
W0637,New York,12314,Liam Anderson,49,10am-8pm
W0638,Miami,7383,Oliver Brown,27,9am-7pm
W0639,Houston,8239,Emma Johnson,18,10am-8pm
W0640,Miami,7139,Oliver Brown,34,8am-6pm
W0641,Houston,19688,Benjamin Lee,49,9am-7pm
W0642,Miami,19906,William Walker,23,8am-6pm
W0643,Miami,6704,William Walker,34,9am-7pm
W0644,Chicago,11924,Michael Scott,31,6am-4pm
W0645,Miami,5362,Scarlett Moore,39,9am-7pm
W0646,Los Angeles,7604,Lucas White,29,10am-8pm
W0647,Chicago,14908,Amelia Hall,30,9am-7pm
W0648,Miami,18481,Oliver Brown,41,8am-6pm
W0649,New York,17643,Scarlett Moore,30,8am-6pm
W0650,Los Angeles,9286,Isabella Wilson,44,9am-7pm
W0651,Los Angeles,8738,James Thompson,41,10am-8pm
W0652,Los Angeles,7469,John Smith,39,6am-4pm
W0653,Chicago,9795,Isabella Wilson,48,10am-8pm
W0654,Miami,11150,Scarlett Moore,21,6am-4pm
W0655,Miami,19468,Henry Clark,27,8am-6pm
W0656,New York,5556,William Walker,30,10am-8pm
W0657,New York,14017,James Thompson,22,6am-4pm
W0658,Los Angeles,7808,William Walker,30,9am-7pm
W0659,New York,10150,Benjamin Lee,17,8am-6pm
W0660,Chicago,19870,Oliver Brown,49,9am-7pm
W0661,Miami,17713,Amelia Hall,16,8am-6pm
W0662,Los Angeles,12561,Ava Harris,32,10am-8pm
W0663,New York,7719,Scarlett Moore,41,10am-8pm
W0664,Chicago,11506,Mia Martinez,20,8am-6pm
W0665,Chicago,16700,Benjamin Lee,31,8am-6pm
W0666,New York,8741,Henry Clark,31,8am-6pm
W0667,Miami,14766,Mia Martinez,34,10am-8pm
W0668,New York,8998,Charlotte Lewis,31,6am-4pm
W0669,Los Angeles,15321,Michael Scott,37,9am-7pm
W0670,New York,7403,James Thompson,38,9am-7pm
W0671,Chicago,16521,Michael Scott,22,10am-8pm
W0672,New York,13780,Scarlett Moore,27,9am-7pm
W0673,Miami,15204,Emma Johnson,11,8am-6pm
W0674,Houston,14739,Oliver Brown,38,6am-4pm
W0675,New York,5294,William Walker,30,9am-7pm
W0676,Miami,15177,John Smith,24,6am-4pm
W0677,Miami,10343,Charlotte Lewis,36,8am-6pm
W0678,Chicago,18836,Evelyn Young,40,9am-7pm
W0679,Miami,16309,Henry Clark,24,10am-8pm
W0680,Miami,14882,Benjamin Lee,32,6am-4pm
W0681,Miami,6136,Isabella Wilson,33,8am-6pm
W0682,Miami,18544,Isabella Wilson,22,6am-4pm
W0683,Los Angeles,7064,William Walker,31,9am-7pm
W0684,Los Angeles,17647,Charlotte Lewis,46,9am-7pm
W0685,Chicago,12009,Oliver Brown,42,10am-8pm
W0686,New York,17987,Scarlett Moore,12,8am-6pm
W0687,Miami,9543,William Walker,28,8am-6pm
W0688,New York,19700,Liam Anderson,32,10am-8pm
W0689,New York,17962,Lucas White,38,10am-8pm
W0690,Chicago,6007,Charlotte Lewis,39,8am-6pm
W0691,Miami,10445,Michael Scott,48,6am-4pm
W0692,Miami,15706,Sophia Taylor,34,6am-4pm
W0693,Houston,19749,Scarlett Moore,46,10am-8pm
W0694,New York,16718,Scarlett Moore,17,6am-4pm
W0695,New York,17873,John Smith,25,8am-6pm
W0696,Los Angeles,10352,Evelyn Young,17,9am-7pm
W0697,Houston,14439,Mia Martinez,10,9am-7pm
W0698,Los Angeles,18281,Emma Johnson,14,6am-4pm
W0699,Los Angeles,17094,William Walker,12,10am-8pm
W0700,Los Angeles,6435,Alexander Hernandez,10,10am-8pm
W0701,Chicago,5571,Emma Johnson,13,10am-8pm
W0702,Chicago,7382,Sophia Taylor,49,10am-8pm
W0703,Los Angeles,14437,John Smith,44,10am-8pm
W0704,Houston,15276,William Walker,41,6am-4pm
W0705,New York,10084,Charlotte Lewis,43,9am-7pm
W0706,Houston,5277,John Smith,34,9am-7pm
W0707,Miami,18507,Ava Harris,19,6am-4pm
W0708,Chicago,12059,Alexander Hernandez,30,10am-8pm
W0709,New York,6887,Sophia Taylor,48,6am-4pm
W0710,New York,17771,James Thompson,36,9am-7pm
W0711,Miami,6265,James Thompson,36,8am-6pm
W0712,Miami,12491,Scarlett Moore,11,6am-4pm
W0713,Los Angeles,18018,Henry Clark,22,10am-8pm
W0714,Chicago,19527,Charlotte Lewis,18,9am-7pm
W0715,Chicago,6040,Mia Martinez,45,9am-7pm
W0716,Houston,19859,Charlotte Lewis,31,9am-7pm
W0717,Los Angeles,14109,Evelyn Young,35,9am-7pm
W0718,Los Angeles,19736,Evelyn Young,21,10am-8pm
W0719,Los Angeles,13073,Ava Harris,26,8am-6pm
W0720,Los Angeles,14077,Lucas White,23,9am-7pm
W0721,Chicago,7752,Isabella Wilson,23,6am-4pm
W0722,Chicago,13213,John Smith,43,8am-6pm
W0723,Los Angeles,9569,William Walker,29,9am-7pm
W0724,Houston,16383,James Thompson,20,8am-6pm
W0725,New York,11353,Scarlett Moore,25,6am-4pm
W0726,New York,7353,Oliver Brown,40,9am-7pm
W0727,Houston,12437,Ava Harris,15,6am-4pm
W0728,Los Angeles,9799,Lucas White,28,10am-8pm
W0729,Chicago,5686,Liam Anderson,46,9am-7pm
W0730,New York,13476,William Walker,13,9am-7pm
W0731,Miami,9811,Emma Johnson,13,9am-7pm
W0732,Miami,16939,Sophia Taylor,29,9am-7pm
W0733,Houston,13954,Charlotte Lewis,19,10am-8pm
W0734,Los Angeles,10346,Emma Johnson,33,9am-7pm
W0735,New York,10043,Mia Martinez,44,8am-6pm
W0736,Los Angeles,7428,John Smith,35,9am-7pm
W0737,New York,15699,Isabella Wilson,46,10am-8pm
W0738,Houston,10126,Lucas White,47,9am-7pm
W0739,Houston,13220,Charlotte Lewis,30,8am-6pm
W0740,Miami,14098,Henry Clark,49,10am-8pm
W0741,Los Angeles,16296,John Smith,48,10am-8pm
W0742,Miami,12813,Emma Johnson,30,8am-6pm
W0743,Los Angeles,19414,Oliver Brown,19,8am-6pm
W0744,Miami,17191,Benjamin Lee,47,8am-6pm
W0745,Chicago,16186,Liam Anderson,13,8am-6pm
W0746,Chicago,15698,Charlotte Lewis,29,8am-6pm
W0747,Chicago,17857,Charlotte Lewis,26,10am-8pm
W0748,Chicago,19294,Amelia Hall,16,10am-8pm
W0749,New York,16801,Scarlett Moore,13,9am-7pm
W0750,Chicago,16745,John Smith,38,9am-7pm
W0751,Houston,14645,Oliver Brown,23,6am-4pm
W0752,Houston,18025,Liam Anderson,12,9am-7pm
W0753,New York,8356,Michael Scott,33,9am-7pm
W0754,Chicago,13707,Mia Martinez,46,8am-6pm
W0755,Chicago,19288,Michael Scott,25,8am-6pm
W0756,Chicago,12266,Benjamin Lee,13,9am-7pm
W0757,Miami,11540,Isabella Wilson,33,6am-4pm
W0758,Los Angeles,5038,Michael Scott,43,8am-6pm
W0759,Miami,8342,Mia Martinez,39,9am-7pm
W0760,Los Angeles,14078,James Thompson,27,9am-7pm
W0761,Chicago,7844,James Thompson,28,10am-8pm
W0762,Chicago,15396,Alexander Hernandez,40,6am-4pm
W0763,Miami,6098,James Thompson,28,10am-8pm
W0764,Miami,12027,Mia Martinez,28,6am-4pm
W0765,Los Angeles,6823,Benjamin Lee,31,8am-6pm
W0766,Houston,16393,Alexander Hernandez,33,6am-4pm
W0767,Los Angeles,18998,Emma Johnson,21,9am-7pm
W0768,Miami,18261,James Thompson,39,9am-7pm
W0769,Miami,8155,Alexander Hernandez,47,6am-4pm
W0770,New York,8093,Scarlett Moore,40,6am-4pm
W0771,Miami,16722,Scarlett Moore,45,6am-4pm
W0772,New York,10658,Charlotte Lewis,28,10am-8pm
W0773,Houston,8778,Scarlett Moore,45,6am-4pm
W0774,Los Angeles,7896,John Smith,39,8am-6pm
W0775,Los Angeles,16645,James Thompson,42,10am-8pm
W0776,New York,16703,Oliver Brown,27,10am-8pm
W0777,Los Angeles,5988,Evelyn Young,37,6am-4pm
W0778,Miami,9116,Amelia Hall,20,8am-6pm
W0779,Chicago,11446,Evelyn Young,42,10am-8pm
W0780,New York,18156,Sophia Taylor,26,9am-7pm
W0781,Los Angeles,17218,Henry Clark,15,10am-8pm
W0782,New York,9179,Ella King,13,6am-4pm
W0783,New York,6682,Ella King,29,8am-6pm
W0784,Chicago,19264,Liam Anderson,36,6am-4pm
W0785,Miami,18698,Ava Harris,24,9am-7pm
W0786,New York,10626,Isabella Wilson,15,9am-7pm
W0787,Los Angeles,12424,Isabella Wilson,23,9am-7pm
W0788,Houston,17857,Scarlett Moore,20,6am-4pm
W0789,New York,17155,Isabella Wilson,48,10am-8pm
W0790,New York,5933,James Thompson,18,6am-4pm
W0791,Chicago,8598,Ella King,35,8am-6pm
W0792,Miami,16425,Benjamin Lee,25,10am-8pm
W0793,Houston,6980,Henry Clark,14,9am-7pm
W0794,Los Angeles,15047,Amelia Hall,19,6am-4pm
W0795,Houston,8056,William Walker,12,9am-7pm
W0796,Los Angeles,13984,John Smith,22,9am-7pm
W0797,Miami,5791,Mia Martinez,39,8am-6pm
W0798,Los Angeles,15001,Sophia Taylor,15,10am-8pm
W0799,Chicago,10390,William Walker,26,8am-6pm
W0800,Chicago,11635,Liam Anderson,28,8am-6pm
W0801,Chicago,7255,Michael Scott,44,8am-6pm
W0802,Chicago,8610,Oliver Brown,35,9am-7pm
W0803,Houston,6607,William Walker,14,8am-6pm
W0804,Miami,10179,John Smith,38,8am-6pm
W0805,Los Angeles,11573,John Smith,46,10am-8pm
W0806,Los Angeles,5984,Ava Harris,29,10am-8pm
W0807,Chicago,10776,Benjamin Lee,30,8am-6pm
W0808,Chicago,8676,Liam Anderson,19,10am-8pm
W0809,New York,8380,James Thompson,14,10am-8pm
W0810,Miami,13711,Isabella Wilson,45,8am-6pm
W0811,Houston,13782,Michael Scott,15,9am-7pm
W0812,Los Angeles,6050,Michael Scott,35,8am-6pm
W0813,New York,18997,Henry Clark,13,10am-8pm
W0814,New York,8633,Amelia Hall,48,9am-7pm
W0815,Los Angeles,19323,Sophia Taylor,48,6am-4pm
W0816,Houston,11342,Mia Martinez,44,9am-7pm
W0817,New York,19722,Liam Anderson,10,10am-8pm
W0818,New York,17636,Liam Anderson,33,9am-7pm
W0819,Miami,5959,Henry Clark,45,8am-6pm
W0820,Houston,11059,Lucas White,15,6am-4pm
W0821,New York,13884,Mia Martinez,40,6am-4pm
W0822,Houston,10655,Mia Martinez,29,6am-4pm
W0823,Los Angeles,17091,John Smith,33,10am-8pm
W0824,Chicago,9473,Henry Clark,34,10am-8pm
W0825,New York,7946,Liam Anderson,45,6am-4pm
W0826,Miami,12725,Mia Martinez,30,9am-7pm
W0827,Los Angeles,5526,Michael Scott,39,6am-4pm
W0828,Houston,8224,Henry Clark,33,9am-7pm
W0829,Los Angeles,15445,Benjamin Lee,39,9am-7pm
W0830,New York,19790,Emma Johnson,31,10am-8pm
W0831,Houston,16536,William Walker,37,9am-7pm
W0832,Chicago,17157,Ava Harris,16,6am-4pm
W0833,Los Angeles,18547,Michael Scott,44,10am-8pm
W0834,New York,6875,James Thompson,37,8am-6pm
W0835,Miami,6763,Oliver Brown,23,8am-6pm
W0836,Houston,13712,William Walker,19,10am-8pm
W0837,Los Angeles,10797,William Walker,25,6am-4pm
W0838,Los Angeles,14208,Benjamin Lee,25,8am-6pm
W0839,Chicago,12099,Charlotte Lewis,40,8am-6pm
W0840,Chicago,10109,Evelyn Young,34,9am-7pm
W0841,Miami,11644,Scarlett Moore,22,9am-7pm
W0842,Miami,5116,Alexander Hernandez,15,6am-4pm
W0843,New York,7433,John Smith,18,10am-8pm
W0844,New York,10463,Isabella Wilson,45,6am-4pm
W0845,Miami,5583,Alexander Hernandez,29,10am-8pm
W0846,Miami,13586,Isabella Wilson,27,8am-6pm
W0847,Houston,18375,Scarlett Moore,30,9am-7pm
W0848,Chicago,8788,John Smith,13,6am-4pm
W0849,New York,15960,Oliver Brown,42,6am-4pm
W0850,Chicago,9167,Michael Scott,36,10am-8pm
W0851,Chicago,17052,Ella King,16,10am-8pm
W0852,Miami,13465,Mia Martinez,15,6am-4pm
W0853,Houston,15205,Michael Scott,24,10am-8pm
W0854,Los Angeles,18631,Mia Martinez,27,6am-4pm
W0855,Houston,17625,Michael Scott,41,6am-4pm
W0856,Houston,6389,Benjamin Lee,20,6am-4pm
W0857,Chicago,16758,Amelia Hall,29,8am-6pm
W0858,Houston,17894,William Walker,33,10am-8pm
W0859,New York,13357,Sophia Taylor,24,9am-7pm
W0860,Chicago,14759,Lucas White,16,9am-7pm
W0861,New York,11154,Sophia Taylor,30,10am-8pm
W0862,Los Angeles,10420,Evelyn Young,35,6am-4pm
W0863,Chicago,13920,Evelyn Young,23,9am-7pm
W0864,Los Angeles,7043,Isabella Wilson,46,9am-7pm
W0865,Chicago,9197,Michael Scott,30,10am-8pm
W0866,Miami,8496,Emma Johnson,27,9am-7pm
W0867,Houston,18703,Mia Martinez,14,6am-4pm
W0868,Miami,5778,Sophia Taylor,12,10am-8pm
W0869,Los Angeles,5213,Charlotte Lewis,32,6am-4pm
W0870,Houston,8762,James Thompson,35,9am-7pm
W0871,Chicago,18399,Sophia Taylor,46,9am-7pm
W0872,Houston,14768,Ella King,33,6am-4pm
W0873,New York,15640,Evelyn Young,28,8am-6pm
W0874,Houston,11731,Ella King,34,9am-7pm
W0875,New York,16128,Benjamin Lee,30,8am-6pm
W0876,Houston,8117,Sophia Taylor,21,9am-7pm
W0877,New York,10791,Isabella Wilson,42,8am-6pm
W0878,Los Angeles,13783,John Smith,13,8am-6pm
W0879,Miami,18621,James Thompson,16,8am-6pm
W0880,Chicago,18397,John Smith,31,6am-4pm
W0881,Houston,19427,William Walker,42,8am-6pm
W0882,Miami,7720,Mia Martinez,26,8am-6pm
W0883,Chicago,13905,Oliver Brown,33,8am-6pm
W0884,Chicago,14127,John Smith,43,9am-7pm
W0885,New York,11047,John Smith,37,8am-6pm
W0886,Los Angeles,17529,James Thompson,48,9am-7pm
W0887,Los Angeles,19331,Henry Clark,31,8am-6pm
W0888,Miami,13032,John Smith,26,8am-6pm
W0889,Los Angeles,5001,Ella King,43,6am-4pm
W0890,Houston,11368,Evelyn Young,15,9am-7pm
W0891,Los Angeles,16040,Sophia Taylor,15,8am-6pm
W0892,Miami,19056,Amelia Hall,43,9am-7pm
W0893,Los Angeles,17236,Amelia Hall,10,9am-7pm
W0894,Houston,6949,Michael Scott,19,10am-8pm
W0895,New York,11732,Alexander Hernandez,30,6am-4pm
W0896,Miami,19451,Charlotte Lewis,14,6am-4pm
W0897,New York,12833,Oliver Brown,11,6am-4pm
W0898,New York,5917,Ava Harris,31,10am-8pm
W0899,New York,8174,Ava Harris,11,10am-8pm
W0900,Chicago,15433,Amelia Hall,19,6am-4pm
W0901,Chicago,12014,John Smith,43,10am-8pm
W0902,New York,5089,John Smith,25,10am-8pm
W0903,Miami,6709,Charlotte Lewis,48,10am-8pm
W0904,Houston,15361,Scarlett Moore,31,6am-4pm
W0905,Houston,17430,Alexander Hernandez,21,6am-4pm
W0906,Los Angeles,8041,Emma Johnson,33,6am-4pm
W0907,Miami,5105,Michael Scott,49,10am-8pm
W0908,Chicago,14078,Mia Martinez,47,6am-4pm
W0909,New York,13619,Benjamin Lee,19,10am-8pm
W0910,Los Angeles,18616,Ava Harris,44,8am-6pm
W0911,Houston,6895,Lucas White,41,10am-8pm
W0912,Chicago,11090,Isabella Wilson,16,9am-7pm
W0913,Chicago,13508,Evelyn Young,30,6am-4pm
W0914,New York,11082,John Smith,29,6am-4pm
W0915,Houston,5634,James Thompson,35,9am-7pm
W0916,Miami,6925,Benjamin Lee,13,10am-8pm
W0917,Chicago,7056,Lucas White,31,8am-6pm
W0918,New York,11917,Ella King,24,9am-7pm
W0919,Miami,8144,William Walker,49,9am-7pm
W0920,Houston,15462,Emma Johnson,30,10am-8pm
W0921,Chicago,14631,Alexander Hernandez,24,6am-4pm
W0922,Miami,5552,Oliver Brown,31,10am-8pm
W0923,Miami,13907,Sophia Taylor,37,9am-7pm
W0924,Miami,10383,Ava Harris,23,9am-7pm
W0925,Chicago,8911,James Thompson,36,6am-4pm
W0926,Chicago,14905,Amelia Hall,49,6am-4pm
W0927,Los Angeles,19171,Sophia Taylor,37,6am-4pm
W0928,Houston,8389,Charlotte Lewis,35,10am-8pm
W0929,New York,14299,Isabella Wilson,11,6am-4pm
W0930,Miami,18629,Evelyn Young,34,9am-7pm
W0931,Los Angeles,17398,Oliver Brown,12,9am-7pm
W0932,New York,13442,Michael Scott,17,8am-6pm
W0933,Los Angeles,7430,Lucas White,42,10am-8pm
W0934,Chicago,15246,Charlotte Lewis,44,8am-6pm
W0935,Miami,5458,Charlotte Lewis,15,9am-7pm
W0936,New York,18395,Charlotte Lewis,48,8am-6pm
W0937,New York,5207,Oliver Brown,32,9am-7pm
W0938,New York,5899,Alexander Hernandez,34,8am-6pm
W0939,New York,16653,Michael Scott,28,6am-4pm
W0940,New York,16577,Scarlett Moore,14,8am-6pm
W0941,Los Angeles,5021,William Walker,20,6am-4pm
W0942,Miami,13601,William Walker,21,6am-4pm
W0943,Chicago,5894,Amelia Hall,19,10am-8pm
W0944,Chicago,5514,Liam Anderson,17,6am-4pm
W0945,Chicago,12294,Ella King,33,6am-4pm
W0946,Chicago,9904,Alexander Hernandez,37,8am-6pm
W0947,Los Angeles,12867,Alexander Hernandez,45,9am-7pm
W0948,Houston,18161,Isabella Wilson,46,10am-8pm
W0949,Miami,9109,Amelia Hall,30,6am-4pm
W0950,New York,18258,Emma Johnson,17,10am-8pm
W0951,Houston,12179,Ava Harris,18,8am-6pm
W0952,Chicago,15326,Benjamin Lee,24,6am-4pm
W0953,Houston,16787,Sophia Taylor,49,8am-6pm
W0954,Miami,16148,Liam Anderson,27,10am-8pm
W0955,New York,6560,Mia Martinez,29,8am-6pm
W0956,New York,18612,Charlotte Lewis,15,10am-8pm
W0957,Miami,6266,James Thompson,21,8am-6pm
W0958,Miami,15361,Evelyn Young,11,10am-8pm
W0959,Chicago,8638,Liam Anderson,16,9am-7pm
W0960,New York,13941,Ella King,25,8am-6pm
W0961,Houston,8427,Alexander Hernandez,12,8am-6pm
W0962,Los Angeles,9780,Liam Anderson,12,9am-7pm
W0963,Los Angeles,6927,Oliver Brown,36,9am-7pm
W0964,Miami,16996,Charlotte Lewis,49,8am-6pm
W0965,Chicago,16894,Liam Anderson,47,9am-7pm
W0966,Los Angeles,7356,Alexander Hernandez,42,6am-4pm
W0967,New York,9790,Scarlett Moore,37,10am-8pm
W0968,Miami,15527,Mia Martinez,10,10am-8pm
W0969,Houston,5306,Emma Johnson,17,10am-8pm
W0970,Miami,12979,Mia Martinez,46,6am-4pm
W0971,Houston,8665,Mia Martinez,41,9am-7pm
W0972,Miami,15181,Sophia Taylor,46,9am-7pm
W0973,Miami,12057,William Walker,13,8am-6pm
W0974,Miami,5661,Scarlett Moore,39,9am-7pm
W0975,Houston,9644,John Smith,15,8am-6pm
W0976,Houston,13503,Ava Harris,28,6am-4pm
W0977,Miami,7920,Alexander Hernandez,41,10am-8pm
W0978,Los Angeles,14274,Scarlett Moore,18,10am-8pm
W0979,Chicago,16163,Amelia Hall,21,10am-8pm
W0980,Chicago,19025,John Smith,20,9am-7pm
W0981,Chicago,13946,James Thompson,25,8am-6pm
W0982,Houston,17322,William Walker,10,8am-6pm
W0983,Houston,17732,John Smith,30,6am-4pm
W0984,Los Angeles,11236,James Thompson,39,9am-7pm
W0985,Chicago,11078,Emma Johnson,22,6am-4pm
W0986,Chicago,18518,James Thompson,43,8am-6pm
W0987,Miami,5352,William Walker,13,8am-6pm
W0988,Houston,14094,Henry Clark,37,10am-8pm
W0989,Chicago,18643,Liam Anderson,47,9am-7pm
W0990,Los Angeles,17080,William Walker,40,8am-6pm
W0991,Los Angeles,12005,John Smith,36,10am-8pm
W0992,Chicago,19036,John Smith,14,9am-7pm
W0993,Houston,5158,Scarlett Moore,34,6am-4pm
W0994,Los Angeles,15169,John Smith,12,9am-7pm
W0995,Miami,5956,Liam Anderson,42,9am-7pm
W0996,Los Angeles,7071,Benjamin Lee,13,8am-6pm
W0997,New York,13595,Amelia Hall,34,8am-6pm
W0998,New York,17803,Benjamin Lee,29,9am-7pm
W0999,Houston,15971,Scarlett Moore,43,8am-6pm
W1000,Chicago,14579,Lucas White,35,8am-6pm
